"country_code","country_name","track_id","track_name","popularity","album_id","album_name"
"AR","Argentina","1Je1IMUlBXcx1Fz0WE7oPT","Wannabe",81,"3x2jF7blR6bFHtk4MccsyJ","Spice"
"AR","Argentina","3FteycP8CaXS1MhjcXekVT","Stop",69,"3sr6lAuO3nmB1u8ZuQgpiX","Spiceworld"
"AR","Argentina","36AWdhZIGLUTkWpJDhe7va","2 Become 1",68,"3x2jF7blR6bFHtk4MccsyJ","Spice"
"AR","Argentina","5qGwqO0lkbBXw4xNfzT7SF","Spice Up Your Life",67,"3sr6lAuO3nmB1u8ZuQgpiX","Spiceworld"
"AR","Argentina","1yTQ39my3MoNROlFw3RDNy","Say You'll Be There",67,"3x2jF7blR6bFHtk4MccsyJ","Spice"
"AR","Argentina","1jI1aLmm5HTwiMtvsbwDJw","Who Do You Think You Are",65,"3x2jF7blR6bFHtk4MccsyJ","Spice"
"AR","Argentina","6BPDPcnbDMDf58srVzbfX9","Viva Forever",63,"3sr6lAuO3nmB1u8ZuQgpiX","Spiceworld"
"AR","Argentina","3dNv3OuX6ol9si6PZ9KSAh","Mama",58,"3x2jF7blR6bFHtk4MccsyJ","Spice"
"AR","Argentina","1RQnYh2xw2BPpnzQFbO5r5","Too Much",57,"3sr6lAuO3nmB1u8ZuQgpiX","Spiceworld"
"AR","Argentina","6ZNw9Cnc85OeHZrjMAZJfY","Goodbye",55,"4jbWZmf7kRxCBD6tgVepYh","Forever"
"AT","Austria","1Je1IMUlBXcx1Fz0WE7oPT","Wannabe",81,"3x2jF7blR6bFHtk4MccsyJ","Spice"
"AT","Austria","3FteycP8CaXS1MhjcXekVT","Stop",69,"3sr6lAuO3nmB1u8ZuQgpiX","Spiceworld"
"AT","Austria","36AWdhZIGLUTkWpJDhe7va","2 Become 1",68,"3x2jF7blR6bFHtk4MccsyJ","Spice"
"AT","Austria","5qGwqO0lkbBXw4xNfzT7SF","Spice Up Your Life",67,"3sr6lAuO3nmB1u8ZuQgpiX","Spiceworld"
"AT","Austria","1yTQ39my3MoNROlFw3RDNy","Say You'll Be There",67,"3x2jF7blR6bFHtk4MccsyJ","Spice"
"AT","Austria","1jI1aLmm5HTwiMtvsbwDJw","Who Do You Think You Are",65,"3x2jF7blR6bFHtk4MccsyJ","Spice"
"AT","Austria","6BPDPcnbDMDf58srVzbfX9","Viva Forever",63,"3sr6lAuO3nmB1u8ZuQgpiX","Spiceworld"
"AT","Austria","3dNv3OuX6ol9si6PZ9KSAh","Mama",58,"3x2jF7blR6bFHtk4MccsyJ","Spice"
"AT","Austria","1RQnYh2xw2BPpnzQFbO5r5","Too Much",57,"3sr6lAuO3nmB1u8ZuQgpiX","Spiceworld"
"AT","Austria","6ZNw9Cnc85OeHZrjMAZJfY","Goodbye",55,"4jbWZmf7kRxCBD6tgVepYh","Forever"
"AU","Australia","1Je1IMUlBXcx1Fz0WE7oPT","Wannabe",81,"3x2jF7blR6bFHtk4MccsyJ","Spice"
"AU","Australia","3FteycP8CaXS1MhjcXekVT","Stop",69,"3sr6lAuO3nmB1u8ZuQgpiX","Spiceworld"
"AU","Australia","36AWdhZIGLUTkWpJDhe7va","2 Become 1",68,"3x2jF7blR6bFHtk4MccsyJ","Spice"
"AU","Australia","5qGwqO0lkbBXw4xNfzT7SF","Spice Up Your Life",67,"3sr6lAuO3nmB1u8ZuQgpiX","Spiceworld"
"AU","Australia","1yTQ39my3MoNROlFw3RDNy","Say You'll Be There",67,"3x2jF7blR6bFHtk4MccsyJ","Spice"
"AU","Australia","1jI1aLmm5HTwiMtvsbwDJw","Who Do You Think You Are",65,"3x2jF7blR6bFHtk4MccsyJ","Spice"
"AU","Australia","6BPDPcnbDMDf58srVzbfX9","Viva Forever",63,"3sr6lAuO3nmB1u8ZuQgpiX","Spiceworld"
"AU","Australia","3dNv3OuX6ol9si6PZ9KSAh","Mama",58,"3x2jF7blR6bFHtk4MccsyJ","Spice"
"AU","Australia","1RQnYh2xw2BPpnzQFbO5r5","Too Much",57,"3sr6lAuO3nmB1u8ZuQgpiX","Spiceworld"
"AU","Australia","6ZNw9Cnc85OeHZrjMAZJfY","Goodbye",55,"4jbWZmf7kRxCBD6tgVepYh","Forever"
"BE","Belgium","1Je1IMUlBXcx1Fz0WE7oPT","Wannabe",81,"3x2jF7blR6bFHtk4MccsyJ","Spice"
"BE","Belgium","3FteycP8CaXS1MhjcXekVT","Stop",69,"3sr6lAuO3nmB1u8ZuQgpiX","Spiceworld"
"BE","Belgium","36AWdhZIGLUTkWpJDhe7va","2 Become 1",68,"3x2jF7blR6bFHtk4MccsyJ","Spice"
"BE","Belgium","5qGwqO0lkbBXw4xNfzT7SF","Spice Up Your Life",67,"3sr6lAuO3nmB1u8ZuQgpiX","Spiceworld"
"BE","Belgium","1yTQ39my3MoNROlFw3RDNy","Say You'll Be There",67,"3x2jF7blR6bFHtk4MccsyJ","Spice"
"BE","Belgium","1jI1aLmm5HTwiMtvsbwDJw","Who Do You Think You Are",65,"3x2jF7blR6bFHtk4MccsyJ","Spice"
"BE","Belgium","6BPDPcnbDMDf58srVzbfX9","Viva Forever",63,"3sr6lAuO3nmB1u8ZuQgpiX","Spiceworld"
"BE","Belgium","3dNv3OuX6ol9si6PZ9KSAh","Mama",58,"3x2jF7blR6bFHtk4MccsyJ","Spice"
"BE","Belgium","1RQnYh2xw2BPpnzQFbO5r5","Too Much",57,"3sr6lAuO3nmB1u8ZuQgpiX","Spiceworld"
"BE","Belgium","6ZNw9Cnc85OeHZrjMAZJfY","Goodbye",55,"4jbWZmf7kRxCBD6tgVepYh","Forever"
"BR","Brazil","1Je1IMUlBXcx1Fz0WE7oPT","Wannabe",81,"3x2jF7blR6bFHtk4MccsyJ","Spice"
"BR","Brazil","3FteycP8CaXS1MhjcXekVT","Stop",69,"3sr6lAuO3nmB1u8ZuQgpiX","Spiceworld"
"BR","Brazil","36AWdhZIGLUTkWpJDhe7va","2 Become 1",68,"3x2jF7blR6bFHtk4MccsyJ","Spice"
"BR","Brazil","5qGwqO0lkbBXw4xNfzT7SF","Spice Up Your Life",67,"3sr6lAuO3nmB1u8ZuQgpiX","Spiceworld"
"BR","Brazil","1yTQ39my3MoNROlFw3RDNy","Say You'll Be There",67,"3x2jF7blR6bFHtk4MccsyJ","Spice"
"BR","Brazil","1jI1aLmm5HTwiMtvsbwDJw","Who Do You Think You Are",65,"3x2jF7blR6bFHtk4MccsyJ","Spice"
"BR","Brazil","6BPDPcnbDMDf58srVzbfX9","Viva Forever",63,"3sr6lAuO3nmB1u8ZuQgpiX","Spiceworld"
"BR","Brazil","3dNv3OuX6ol9si6PZ9KSAh","Mama",58,"3x2jF7blR6bFHtk4MccsyJ","Spice"
"BR","Brazil","1RQnYh2xw2BPpnzQFbO5r5","Too Much",57,"3sr6lAuO3nmB1u8ZuQgpiX","Spiceworld"
"BR","Brazil","6ZNw9Cnc85OeHZrjMAZJfY","Goodbye",55,"4jbWZmf7kRxCBD6tgVepYh","Forever"
"CA","Canada","1Je1IMUlBXcx1Fz0WE7oPT","Wannabe",81,"3x2jF7blR6bFHtk4MccsyJ","Spice"
"CA","Canada","3FteycP8CaXS1MhjcXekVT","Stop",69,"3sr6lAuO3nmB1u8ZuQgpiX","Spiceworld"
"CA","Canada","36AWdhZIGLUTkWpJDhe7va","2 Become 1",68,"3x2jF7blR6bFHtk4MccsyJ","Spice"
"CA","Canada","5qGwqO0lkbBXw4xNfzT7SF","Spice Up Your Life",67,"3sr6lAuO3nmB1u8ZuQgpiX","Spiceworld"
"CA","Canada","1yTQ39my3MoNROlFw3RDNy","Say You'll Be There",67,"3x2jF7blR6bFHtk4MccsyJ","Spice"
"CA","Canada","1jI1aLmm5HTwiMtvsbwDJw","Who Do You Think You Are",65,"3x2jF7blR6bFHtk4MccsyJ","Spice"
"CA","Canada","6BPDPcnbDMDf58srVzbfX9","Viva Forever",63,"3sr6lAuO3nmB1u8ZuQgpiX","Spiceworld"
"CA","Canada","3dNv3OuX6ol9si6PZ9KSAh","Mama",58,"3x2jF7blR6bFHtk4MccsyJ","Spice"
"CA","Canada","1RQnYh2xw2BPpnzQFbO5r5","Too Much",57,"3sr6lAuO3nmB1u8ZuQgpiX","Spiceworld"
"CA","Canada","6ZNw9Cnc85OeHZrjMAZJfY","Goodbye",55,"4jbWZmf7kRxCBD6tgVepYh","Forever"
"CH","Switzerland","1Je1IMUlBXcx1Fz0WE7oPT","Wannabe",81,"3x2jF7blR6bFHtk4MccsyJ","Spice"
"CH","Switzerland","3FteycP8CaXS1MhjcXekVT","Stop",69,"3sr6lAuO3nmB1u8ZuQgpiX","Spiceworld"
"CH","Switzerland","36AWdhZIGLUTkWpJDhe7va","2 Become 1",68,"3x2jF7blR6bFHtk4MccsyJ","Spice"
"CH","Switzerland","5qGwqO0lkbBXw4xNfzT7SF","Spice Up Your Life",67,"3sr6lAuO3nmB1u8ZuQgpiX","Spiceworld"
"CH","Switzerland","1yTQ39my3MoNROlFw3RDNy","Say You'll Be There",67,"3x2jF7blR6bFHtk4MccsyJ","Spice"
"CH","Switzerland","1jI1aLmm5HTwiMtvsbwDJw","Who Do You Think You Are",65,"3x2jF7blR6bFHtk4MccsyJ","Spice"
"CH","Switzerland","6BPDPcnbDMDf58srVzbfX9","Viva Forever",63,"3sr6lAuO3nmB1u8ZuQgpiX","Spiceworld"
"CH","Switzerland","3dNv3OuX6ol9si6PZ9KSAh","Mama",58,"3x2jF7blR6bFHtk4MccsyJ","Spice"
"CH","Switzerland","1RQnYh2xw2BPpnzQFbO5r5","Too Much",57,"3sr6lAuO3nmB1u8ZuQgpiX","Spiceworld"
"CH","Switzerland","6ZNw9Cnc85OeHZrjMAZJfY","Goodbye",55,"4jbWZmf7kRxCBD6tgVepYh","Forever"
"DE","Germany","1Je1IMUlBXcx1Fz0WE7oPT","Wannabe",81,"3x2jF7blR6bFHtk4MccsyJ","Spice"
"DE","Germany","3FteycP8CaXS1MhjcXekVT","Stop",69,"3sr6lAuO3nmB1u8ZuQgpiX","Spiceworld"
"DE","Germany","36AWdhZIGLUTkWpJDhe7va","2 Become 1",68,"3x2jF7blR6bFHtk4MccsyJ","Spice"
"DE","Germany","5qGwqO0lkbBXw4xNfzT7SF","Spice Up Your Life",67,"3sr6lAuO3nmB1u8ZuQgpiX","Spiceworld"
"DE","Germany","1yTQ39my3MoNROlFw3RDNy","Say You'll Be There",67,"3x2jF7blR6bFHtk4MccsyJ","Spice"
"DE","Germany","1jI1aLmm5HTwiMtvsbwDJw","Who Do You Think You Are",65,"3x2jF7blR6bFHtk4MccsyJ","Spice"
"DE","Germany","6BPDPcnbDMDf58srVzbfX9","Viva Forever",63,"3sr6lAuO3nmB1u8ZuQgpiX","Spiceworld"
"DE","Germany","3dNv3OuX6ol9si6PZ9KSAh","Mama",58,"3x2jF7blR6bFHtk4MccsyJ","Spice"
"DE","Germany","1RQnYh2xw2BPpnzQFbO5r5","Too Much",57,"3sr6lAuO3nmB1u8ZuQgpiX","Spiceworld"
"DE","Germany","6ZNw9Cnc85OeHZrjMAZJfY","Goodbye",55,"4jbWZmf7kRxCBD6tgVepYh","Forever"
"DK","Denmark","1Je1IMUlBXcx1Fz0WE7oPT","Wannabe",81,"3x2jF7blR6bFHtk4MccsyJ","Spice"
"DK","Denmark","3FteycP8CaXS1MhjcXekVT","Stop",69,"3sr6lAuO3nmB1u8ZuQgpiX","Spiceworld"
"DK","Denmark","36AWdhZIGLUTkWpJDhe7va","2 Become 1",68,"3x2jF7blR6bFHtk4MccsyJ","Spice"
"DK","Denmark","5qGwqO0lkbBXw4xNfzT7SF","Spice Up Your Life",67,"3sr6lAuO3nmB1u8ZuQgpiX","Spiceworld"
"DK","Denmark","1yTQ39my3MoNROlFw3RDNy","Say You'll Be There",67,"3x2jF7blR6bFHtk4MccsyJ","Spice"
"DK","Denmark","1jI1aLmm5HTwiMtvsbwDJw","Who Do You Think You Are",65,"3x2jF7blR6bFHtk4MccsyJ","Spice"
"DK","Denmark","6BPDPcnbDMDf58srVzbfX9","Viva Forever",63,"3sr6lAuO3nmB1u8ZuQgpiX","Spiceworld"
"DK","Denmark","3dNv3OuX6ol9si6PZ9KSAh","Mama",58,"3x2jF7blR6bFHtk4MccsyJ","Spice"
"DK","Denmark","1RQnYh2xw2BPpnzQFbO5r5","Too Much",57,"3sr6lAuO3nmB1u8ZuQgpiX","Spiceworld"
"DK","Denmark","6ZNw9Cnc85OeHZrjMAZJfY","Goodbye",55,"4jbWZmf7kRxCBD6tgVepYh","Forever"
"ES","Spain","1Je1IMUlBXcx1Fz0WE7oPT","Wannabe",81,"3x2jF7blR6bFHtk4MccsyJ","Spice"
"ES","Spain","3FteycP8CaXS1MhjcXekVT","Stop",69,"3sr6lAuO3nmB1u8ZuQgpiX","Spiceworld"
"ES","Spain","36AWdhZIGLUTkWpJDhe7va","2 Become 1",68,"3x2jF7blR6bFHtk4MccsyJ","Spice"
"ES","Spain","5qGwqO0lkbBXw4xNfzT7SF","Spice Up Your Life",67,"3sr6lAuO3nmB1u8ZuQgpiX","Spiceworld"
"ES","Spain","1yTQ39my3MoNROlFw3RDNy","Say You'll Be There",67,"3x2jF7blR6bFHtk4MccsyJ","Spice"
"ES","Spain","1jI1aLmm5HTwiMtvsbwDJw","Who Do You Think You Are",65,"3x2jF7blR6bFHtk4MccsyJ","Spice"
"ES","Spain","6BPDPcnbDMDf58srVzbfX9","Viva Forever",63,"3sr6lAuO3nmB1u8ZuQgpiX","Spiceworld"
"ES","Spain","3dNv3OuX6ol9si6PZ9KSAh","Mama",58,"3x2jF7blR6bFHtk4MccsyJ","Spice"
"ES","Spain","1RQnYh2xw2BPpnzQFbO5r5","Too Much",57,"3sr6lAuO3nmB1u8ZuQgpiX","Spiceworld"
"ES","Spain","6ZNw9Cnc85OeHZrjMAZJfY","Goodbye",55,"4jbWZmf7kRxCBD6tgVepYh","Forever"
"FI","Finland","1Je1IMUlBXcx1Fz0WE7oPT","Wannabe",81,"3x2jF7blR6bFHtk4MccsyJ","Spice"
"FI","Finland","3FteycP8CaXS1MhjcXekVT","Stop",69,"3sr6lAuO3nmB1u8ZuQgpiX","Spiceworld"
"FI","Finland","36AWdhZIGLUTkWpJDhe7va","2 Become 1",68,"3x2jF7blR6bFHtk4MccsyJ","Spice"
"FI","Finland","5qGwqO0lkbBXw4xNfzT7SF","Spice Up Your Life",67,"3sr6lAuO3nmB1u8ZuQgpiX","Spiceworld"
"FI","Finland","1yTQ39my3MoNROlFw3RDNy","Say You'll Be There",67,"3x2jF7blR6bFHtk4MccsyJ","Spice"
"FI","Finland","1jI1aLmm5HTwiMtvsbwDJw","Who Do You Think You Are",65,"3x2jF7blR6bFHtk4MccsyJ","Spice"
"FI","Finland","6BPDPcnbDMDf58srVzbfX9","Viva Forever",63,"3sr6lAuO3nmB1u8ZuQgpiX","Spiceworld"
"FI","Finland","3dNv3OuX6ol9si6PZ9KSAh","Mama",58,"3x2jF7blR6bFHtk4MccsyJ","Spice"
"FI","Finland","1RQnYh2xw2BPpnzQFbO5r5","Too Much",57,"3sr6lAuO3nmB1u8ZuQgpiX","Spiceworld"
"FI","Finland","6ZNw9Cnc85OeHZrjMAZJfY","Goodbye",55,"4jbWZmf7kRxCBD6tgVepYh","Forever"
"FR","France","1Je1IMUlBXcx1Fz0WE7oPT","Wannabe",81,"3x2jF7blR6bFHtk4MccsyJ","Spice"
"FR","France","3FteycP8CaXS1MhjcXekVT","Stop",69,"3sr6lAuO3nmB1u8ZuQgpiX","Spiceworld"
"FR","France","36AWdhZIGLUTkWpJDhe7va","2 Become 1",68,"3x2jF7blR6bFHtk4MccsyJ","Spice"
"FR","France","5qGwqO0lkbBXw4xNfzT7SF","Spice Up Your Life",67,"3sr6lAuO3nmB1u8ZuQgpiX","Spiceworld"
"FR","France","1yTQ39my3MoNROlFw3RDNy","Say You'll Be There",67,"3x2jF7blR6bFHtk4MccsyJ","Spice"
"FR","France","1jI1aLmm5HTwiMtvsbwDJw","Who Do You Think You Are",65,"3x2jF7blR6bFHtk4MccsyJ","Spice"
"FR","France","6BPDPcnbDMDf58srVzbfX9","Viva Forever",63,"3sr6lAuO3nmB1u8ZuQgpiX","Spiceworld"
"FR","France","3dNv3OuX6ol9si6PZ9KSAh","Mama",58,"3x2jF7blR6bFHtk4MccsyJ","Spice"
"FR","France","1RQnYh2xw2BPpnzQFbO5r5","Too Much",57,"3sr6lAuO3nmB1u8ZuQgpiX","Spiceworld"
"FR","France","6ZNw9Cnc85OeHZrjMAZJfY","Goodbye",55,"4jbWZmf7kRxCBD6tgVepYh","Forever"
"GB","United Kingdom","1Je1IMUlBXcx1Fz0WE7oPT","Wannabe",81,"3x2jF7blR6bFHtk4MccsyJ","Spice"
"GB","United Kingdom","3FteycP8CaXS1MhjcXekVT","Stop",69,"3sr6lAuO3nmB1u8ZuQgpiX","Spiceworld"
"GB","United Kingdom","36AWdhZIGLUTkWpJDhe7va","2 Become 1",68,"3x2jF7blR6bFHtk4MccsyJ","Spice"
"GB","United Kingdom","5qGwqO0lkbBXw4xNfzT7SF","Spice Up Your Life",67,"3sr6lAuO3nmB1u8ZuQgpiX","Spiceworld"
"GB","United Kingdom","1yTQ39my3MoNROlFw3RDNy","Say You'll Be There",67,"3x2jF7blR6bFHtk4MccsyJ","Spice"
"GB","United Kingdom","1jI1aLmm5HTwiMtvsbwDJw","Who Do You Think You Are",65,"3x2jF7blR6bFHtk4MccsyJ","Spice"
"GB","United Kingdom","6BPDPcnbDMDf58srVzbfX9","Viva Forever",63,"3sr6lAuO3nmB1u8ZuQgpiX","Spiceworld"
"GB","United Kingdom","3dNv3OuX6ol9si6PZ9KSAh","Mama",58,"3x2jF7blR6bFHtk4MccsyJ","Spice"
"GB","United Kingdom","1RQnYh2xw2BPpnzQFbO5r5","Too Much",57,"3sr6lAuO3nmB1u8ZuQgpiX","Spiceworld"
"GB","United Kingdom","6ZNw9Cnc85OeHZrjMAZJfY","Goodbye",55,"4jbWZmf7kRxCBD6tgVepYh","Forever"
"HK","Hong Kong","1Je1IMUlBXcx1Fz0WE7oPT","Wannabe",81,"3x2jF7blR6bFHtk4MccsyJ","Spice"
"HK","Hong Kong","3FteycP8CaXS1MhjcXekVT","Stop",69,"3sr6lAuO3nmB1u8ZuQgpiX","Spiceworld"
"HK","Hong Kong","36AWdhZIGLUTkWpJDhe7va","2 Become 1",68,"3x2jF7blR6bFHtk4MccsyJ","Spice"
"HK","Hong Kong","5qGwqO0lkbBXw4xNfzT7SF","Spice Up Your Life",67,"3sr6lAuO3nmB1u8ZuQgpiX","Spiceworld"
"HK","Hong Kong","1yTQ39my3MoNROlFw3RDNy","Say You'll Be There",67,"3x2jF7blR6bFHtk4MccsyJ","Spice"
"HK","Hong Kong","1jI1aLmm5HTwiMtvsbwDJw","Who Do You Think You Are",65,"3x2jF7blR6bFHtk4MccsyJ","Spice"
"HK","Hong Kong","6BPDPcnbDMDf58srVzbfX9","Viva Forever",63,"3sr6lAuO3nmB1u8ZuQgpiX","Spiceworld"
"HK","Hong Kong","3dNv3OuX6ol9si6PZ9KSAh","Mama",58,"3x2jF7blR6bFHtk4MccsyJ","Spice"
"HK","Hong Kong","1RQnYh2xw2BPpnzQFbO5r5","Too Much",57,"3sr6lAuO3nmB1u8ZuQgpiX","Spiceworld"
"HK","Hong Kong","6ZNw9Cnc85OeHZrjMAZJfY","Goodbye",55,"4jbWZmf7kRxCBD6tgVepYh","Forever"
"IE","Ireland","1Je1IMUlBXcx1Fz0WE7oPT","Wannabe",81,"3x2jF7blR6bFHtk4MccsyJ","Spice"
"IE","Ireland","3FteycP8CaXS1MhjcXekVT","Stop",69,"3sr6lAuO3nmB1u8ZuQgpiX","Spiceworld"
"IE","Ireland","36AWdhZIGLUTkWpJDhe7va","2 Become 1",68,"3x2jF7blR6bFHtk4MccsyJ","Spice"
"IE","Ireland","5qGwqO0lkbBXw4xNfzT7SF","Spice Up Your Life",67,"3sr6lAuO3nmB1u8ZuQgpiX","Spiceworld"
"IE","Ireland","1yTQ39my3MoNROlFw3RDNy","Say You'll Be There",67,"3x2jF7blR6bFHtk4MccsyJ","Spice"
"IE","Ireland","1jI1aLmm5HTwiMtvsbwDJw","Who Do You Think You Are",65,"3x2jF7blR6bFHtk4MccsyJ","Spice"
"IE","Ireland","6BPDPcnbDMDf58srVzbfX9","Viva Forever",63,"3sr6lAuO3nmB1u8ZuQgpiX","Spiceworld"
"IE","Ireland","3dNv3OuX6ol9si6PZ9KSAh","Mama",58,"3x2jF7blR6bFHtk4MccsyJ","Spice"
"IE","Ireland","1RQnYh2xw2BPpnzQFbO5r5","Too Much",57,"3sr6lAuO3nmB1u8ZuQgpiX","Spiceworld"
"IE","Ireland","6ZNw9Cnc85OeHZrjMAZJfY","Goodbye",55,"4jbWZmf7kRxCBD6tgVepYh","Forever"
"IT","Italy","1Je1IMUlBXcx1Fz0WE7oPT","Wannabe",81,"3x2jF7blR6bFHtk4MccsyJ","Spice"
"IT","Italy","3FteycP8CaXS1MhjcXekVT","Stop",69,"3sr6lAuO3nmB1u8ZuQgpiX","Spiceworld"
"IT","Italy","36AWdhZIGLUTkWpJDhe7va","2 Become 1",68,"3x2jF7blR6bFHtk4MccsyJ","Spice"
"IT","Italy","5qGwqO0lkbBXw4xNfzT7SF","Spice Up Your Life",67,"3sr6lAuO3nmB1u8ZuQgpiX","Spiceworld"
"IT","Italy","1yTQ39my3MoNROlFw3RDNy","Say You'll Be There",67,"3x2jF7blR6bFHtk4MccsyJ","Spice"
"IT","Italy","1jI1aLmm5HTwiMtvsbwDJw","Who Do You Think You Are",65,"3x2jF7blR6bFHtk4MccsyJ","Spice"
"IT","Italy","6BPDPcnbDMDf58srVzbfX9","Viva Forever",63,"3sr6lAuO3nmB1u8ZuQgpiX","Spiceworld"
"IT","Italy","3dNv3OuX6ol9si6PZ9KSAh","Mama",58,"3x2jF7blR6bFHtk4MccsyJ","Spice"
"IT","Italy","1RQnYh2xw2BPpnzQFbO5r5","Too Much",57,"3sr6lAuO3nmB1u8ZuQgpiX","Spiceworld"
"IT","Italy","6ZNw9Cnc85OeHZrjMAZJfY","Goodbye",55,"4jbWZmf7kRxCBD6tgVepYh","Forever"
"JP","Japan","1Je1IMUlBXcx1Fz0WE7oPT","Wannabe",81,"3x2jF7blR6bFHtk4MccsyJ","Spice"
"JP","Japan","3FteycP8CaXS1MhjcXekVT","Stop",69,"3sr6lAuO3nmB1u8ZuQgpiX","Spiceworld"
"JP","Japan","36AWdhZIGLUTkWpJDhe7va","2 Become 1",68,"3x2jF7blR6bFHtk4MccsyJ","Spice"
"JP","Japan","5qGwqO0lkbBXw4xNfzT7SF","Spice Up Your Life",67,"3sr6lAuO3nmB1u8ZuQgpiX","Spiceworld"
"JP","Japan","1yTQ39my3MoNROlFw3RDNy","Say You'll Be There",67,"3x2jF7blR6bFHtk4MccsyJ","Spice"
"JP","Japan","1jI1aLmm5HTwiMtvsbwDJw","Who Do You Think You Are",65,"3x2jF7blR6bFHtk4MccsyJ","Spice"
"JP","Japan","6BPDPcnbDMDf58srVzbfX9","Viva Forever",63,"3sr6lAuO3nmB1u8ZuQgpiX","Spiceworld"
"JP","Japan","3dNv3OuX6ol9si6PZ9KSAh","Mama",58,"3x2jF7blR6bFHtk4MccsyJ","Spice"
"JP","Japan","1RQnYh2xw2BPpnzQFbO5r5","Too Much",57,"3sr6lAuO3nmB1u8ZuQgpiX","Spiceworld"
"JP","Japan","6ZNw9Cnc85OeHZrjMAZJfY","Goodbye",55,"4jbWZmf7kRxCBD6tgVepYh","Forever"
"MX","Mexico","1Je1IMUlBXcx1Fz0WE7oPT","Wannabe",81,"3x2jF7blR6bFHtk4MccsyJ","Spice"
"MX","Mexico","3FteycP8CaXS1MhjcXekVT","Stop",69,"3sr6lAuO3nmB1u8ZuQgpiX","Spiceworld"
"MX","Mexico","36AWdhZIGLUTkWpJDhe7va","2 Become 1",68,"3x2jF7blR6bFHtk4MccsyJ","Spice"
"MX","Mexico","5qGwqO0lkbBXw4xNfzT7SF","Spice Up Your Life",67,"3sr6lAuO3nmB1u8ZuQgpiX","Spiceworld"
"MX","Mexico","1yTQ39my3MoNROlFw3RDNy","Say You'll Be There",67,"3x2jF7blR6bFHtk4MccsyJ","Spice"
"MX","Mexico","1jI1aLmm5HTwiMtvsbwDJw","Who Do You Think You Are",65,"3x2jF7blR6bFHtk4MccsyJ","Spice"
"MX","Mexico","6BPDPcnbDMDf58srVzbfX9","Viva Forever",63,"3sr6lAuO3nmB1u8ZuQgpiX","Spiceworld"
"MX","Mexico","3dNv3OuX6ol9si6PZ9KSAh","Mama",58,"3x2jF7blR6bFHtk4MccsyJ","Spice"
"MX","Mexico","1RQnYh2xw2BPpnzQFbO5r5","Too Much",57,"3sr6lAuO3nmB1u8ZuQgpiX","Spiceworld"
"MX","Mexico","6ZNw9Cnc85OeHZrjMAZJfY","Goodbye",55,"4jbWZmf7kRxCBD6tgVepYh","Forever"
"NL","The Netherlands","1Je1IMUlBXcx1Fz0WE7oPT","Wannabe",81,"3x2jF7blR6bFHtk4MccsyJ","Spice"
"NL","The Netherlands","3FteycP8CaXS1MhjcXekVT","Stop",69,"3sr6lAuO3nmB1u8ZuQgpiX","Spiceworld"
"NL","The Netherlands","36AWdhZIGLUTkWpJDhe7va","2 Become 1",68,"3x2jF7blR6bFHtk4MccsyJ","Spice"
"NL","The Netherlands","5qGwqO0lkbBXw4xNfzT7SF","Spice Up Your Life",67,"3sr6lAuO3nmB1u8ZuQgpiX","Spiceworld"
"NL","The Netherlands","1yTQ39my3MoNROlFw3RDNy","Say You'll Be There",67,"3x2jF7blR6bFHtk4MccsyJ","Spice"
"NL","The Netherlands","1jI1aLmm5HTwiMtvsbwDJw","Who Do You Think You Are",65,"3x2jF7blR6bFHtk4MccsyJ","Spice"
"NL","The Netherlands","6BPDPcnbDMDf58srVzbfX9","Viva Forever",63,"3sr6lAuO3nmB1u8ZuQgpiX","Spiceworld"
"NL","The Netherlands","3dNv3OuX6ol9si6PZ9KSAh","Mama",58,"3x2jF7blR6bFHtk4MccsyJ","Spice"
"NL","The Netherlands","1RQnYh2xw2BPpnzQFbO5r5","Too Much",57,"3sr6lAuO3nmB1u8ZuQgpiX","Spiceworld"
"NL","The Netherlands","6ZNw9Cnc85OeHZrjMAZJfY","Goodbye",55,"4jbWZmf7kRxCBD6tgVepYh","Forever"
"NO","Norway","1Je1IMUlBXcx1Fz0WE7oPT","Wannabe",81,"3x2jF7blR6bFHtk4MccsyJ","Spice"
"NO","Norway","3FteycP8CaXS1MhjcXekVT","Stop",69,"3sr6lAuO3nmB1u8ZuQgpiX","Spiceworld"
"NO","Norway","36AWdhZIGLUTkWpJDhe7va","2 Become 1",68,"3x2jF7blR6bFHtk4MccsyJ","Spice"
"NO","Norway","5qGwqO0lkbBXw4xNfzT7SF","Spice Up Your Life",67,"3sr6lAuO3nmB1u8ZuQgpiX","Spiceworld"
"NO","Norway","1yTQ39my3MoNROlFw3RDNy","Say You'll Be There",67,"3x2jF7blR6bFHtk4MccsyJ","Spice"
"NO","Norway","1jI1aLmm5HTwiMtvsbwDJw","Who Do You Think You Are",65,"3x2jF7blR6bFHtk4MccsyJ","Spice"
"NO","Norway","6BPDPcnbDMDf58srVzbfX9","Viva Forever",63,"3sr6lAuO3nmB1u8ZuQgpiX","Spiceworld"
"NO","Norway","3dNv3OuX6ol9si6PZ9KSAh","Mama",58,"3x2jF7blR6bFHtk4MccsyJ","Spice"
"NO","Norway","1RQnYh2xw2BPpnzQFbO5r5","Too Much",57,"3sr6lAuO3nmB1u8ZuQgpiX","Spiceworld"
"NO","Norway","6ZNw9Cnc85OeHZrjMAZJfY","Goodbye",55,"4jbWZmf7kRxCBD6tgVepYh","Forever"
"NZ","New Zealand","1Je1IMUlBXcx1Fz0WE7oPT","Wannabe",81,"3x2jF7blR6bFHtk4MccsyJ","Spice"
"NZ","New Zealand","3FteycP8CaXS1MhjcXekVT","Stop",69,"3sr6lAuO3nmB1u8ZuQgpiX","Spiceworld"
"NZ","New Zealand","36AWdhZIGLUTkWpJDhe7va","2 Become 1",68,"3x2jF7blR6bFHtk4MccsyJ","Spice"
"NZ","New Zealand","5qGwqO0lkbBXw4xNfzT7SF","Spice Up Your Life",67,"3sr6lAuO3nmB1u8ZuQgpiX","Spiceworld"
"NZ","New Zealand","1yTQ39my3MoNROlFw3RDNy","Say You'll Be There",67,"3x2jF7blR6bFHtk4MccsyJ","Spice"
"NZ","New Zealand","1jI1aLmm5HTwiMtvsbwDJw","Who Do You Think You Are",65,"3x2jF7blR6bFHtk4MccsyJ","Spice"
"NZ","New Zealand","6BPDPcnbDMDf58srVzbfX9","Viva Forever",63,"3sr6lAuO3nmB1u8ZuQgpiX","Spiceworld"
"NZ","New Zealand","3dNv3OuX6ol9si6PZ9KSAh","Mama",58,"3x2jF7blR6bFHtk4MccsyJ","Spice"
"NZ","New Zealand","1RQnYh2xw2BPpnzQFbO5r5","Too Much",57,"3sr6lAuO3nmB1u8ZuQgpiX","Spiceworld"
"NZ","New Zealand","6ZNw9Cnc85OeHZrjMAZJfY","Goodbye",55,"4jbWZmf7kRxCBD6tgVepYh","Forever"
"PL","Poland","1Je1IMUlBXcx1Fz0WE7oPT","Wannabe",81,"3x2jF7blR6bFHtk4MccsyJ","Spice"
"PL","Poland","3FteycP8CaXS1MhjcXekVT","Stop",69,"3sr6lAuO3nmB1u8ZuQgpiX","Spiceworld"
"PL","Poland","36AWdhZIGLUTkWpJDhe7va","2 Become 1",68,"3x2jF7blR6bFHtk4MccsyJ","Spice"
"PL","Poland","5qGwqO0lkbBXw4xNfzT7SF","Spice Up Your Life",67,"3sr6lAuO3nmB1u8ZuQgpiX","Spiceworld"
"PL","Poland","1yTQ39my3MoNROlFw3RDNy","Say You'll Be There",67,"3x2jF7blR6bFHtk4MccsyJ","Spice"
"PL","Poland","1jI1aLmm5HTwiMtvsbwDJw","Who Do You Think You Are",65,"3x2jF7blR6bFHtk4MccsyJ","Spice"
"PL","Poland","6BPDPcnbDMDf58srVzbfX9","Viva Forever",63,"3sr6lAuO3nmB1u8ZuQgpiX","Spiceworld"
"PL","Poland","3dNv3OuX6ol9si6PZ9KSAh","Mama",58,"3x2jF7blR6bFHtk4MccsyJ","Spice"
"PL","Poland","1RQnYh2xw2BPpnzQFbO5r5","Too Much",57,"3sr6lAuO3nmB1u8ZuQgpiX","Spiceworld"
"PL","Poland","6ZNw9Cnc85OeHZrjMAZJfY","Goodbye",55,"4jbWZmf7kRxCBD6tgVepYh","Forever"
"SE","Sweden","1Je1IMUlBXcx1Fz0WE7oPT","Wannabe",81,"3x2jF7blR6bFHtk4MccsyJ","Spice"
"SE","Sweden","3FteycP8CaXS1MhjcXekVT","Stop",69,"3sr6lAuO3nmB1u8ZuQgpiX","Spiceworld"
"SE","Sweden","36AWdhZIGLUTkWpJDhe7va","2 Become 1",68,"3x2jF7blR6bFHtk4MccsyJ","Spice"
"SE","Sweden","5qGwqO0lkbBXw4xNfzT7SF","Spice Up Your Life",67,"3sr6lAuO3nmB1u8ZuQgpiX","Spiceworld"
"SE","Sweden","1yTQ39my3MoNROlFw3RDNy","Say You'll Be There",67,"3x2jF7blR6bFHtk4MccsyJ","Spice"
"SE","Sweden","1jI1aLmm5HTwiMtvsbwDJw","Who Do You Think You Are",65,"3x2jF7blR6bFHtk4MccsyJ","Spice"
"SE","Sweden","6BPDPcnbDMDf58srVzbfX9","Viva Forever",63,"3sr6lAuO3nmB1u8ZuQgpiX","Spiceworld"
"SE","Sweden","3dNv3OuX6ol9si6PZ9KSAh","Mama",58,"3x2jF7blR6bFHtk4MccsyJ","Spice"
"SE","Sweden","1RQnYh2xw2BPpnzQFbO5r5","Too Much",57,"3sr6lAuO3nmB1u8ZuQgpiX","Spiceworld"
"SE","Sweden","6ZNw9Cnc85OeHZrjMAZJfY","Goodbye",55,"4jbWZmf7kRxCBD6tgVepYh","Forever"
"US","United States","1Je1IMUlBXcx1Fz0WE7oPT","Wannabe",81,"3x2jF7blR6bFHtk4MccsyJ","Spice"
"US","United States","3FteycP8CaXS1MhjcXekVT","Stop",69,"3sr6lAuO3nmB1u8ZuQgpiX","Spiceworld"
"US","United States","36AWdhZIGLUTkWpJDhe7va","2 Become 1",68,"3x2jF7blR6bFHtk4MccsyJ","Spice"
"US","United States","5qGwqO0lkbBXw4xNfzT7SF","Spice Up Your Life",67,"3sr6lAuO3nmB1u8ZuQgpiX","Spiceworld"
"US","United States","1yTQ39my3MoNROlFw3RDNy","Say You'll Be There",67,"3x2jF7blR6bFHtk4MccsyJ","Spice"
"US","United States","1jI1aLmm5HTwiMtvsbwDJw","Who Do You Think You Are",65,"3x2jF7blR6bFHtk4MccsyJ","Spice"
"US","United States","6BPDPcnbDMDf58srVzbfX9","Viva Forever",63,"3sr6lAuO3nmB1u8ZuQgpiX","Spiceworld"
"US","United States","3dNv3OuX6ol9si6PZ9KSAh","Mama",58,"3x2jF7blR6bFHtk4MccsyJ","Spice"
"US","United States","1RQnYh2xw2BPpnzQFbO5r5","Too Much",57,"3sr6lAuO3nmB1u8ZuQgpiX","Spiceworld"
"US","United States","6ZNw9Cnc85OeHZrjMAZJfY","Goodbye",55,"4jbWZmf7kRxCBD6tgVepYh","Forever"
